INSERT INTO `game` (`id`, `home_team_goals`, `away_team_goals`, `date_time`, `home_team_id`, `away_team_id`, `location_id`, `phase_id`) VALUES(1,0,0,'2018-06-14 17:00:00',1,2,1,1),(2,0,0,'2018-06-15 14:00:00',3,4,2,1),(3,0,0,'2018-06-19 20:00:00',1,3,3,1),(4,0,0,'2018-06-20 17:00:00',4,2,4,1),(5,0,0,'2018-06-25 16:00:00',4,1,5,1),(6,0,0,'2018-06-25 16:00:00',2,3,6,1),(7,0,0,'2018-06-15 17:00:00',5,6,3,1),(8,0,0,'2018-06-15 20:00:00',7,8,7,1),(9,0,0,'2018-06-20 14:00:00',7,5,1,1),(10,0,0,'2018-06-20 20:00:00',6,8,8,1),(11,0,0,'2018-06-25 20:00:00',8,5,9,1),(12,0,0,'2018-06-25 16:00:00',6,7,10,1),(13,0,0,'2018-06-16 12:00:00',9,10,8,1),(14,0,0,'2018-06-16 18:00:00',11,12,9,1),(15,0,0,'2018-06-21 14:00:00',12,10,5,1),(16,0,0,'2018-06-21 17:00:00',9,11,2,1),(17,0,0,'2018-06-26 16:00:00',12,10,1,1),(18,0,0,'2018-06-26 16:00:00',10,11,7,1),(19,0,0,'2018-06-16 15:00:00',13,14,1,1),(20,0,0,'2018-06-16 21:00:00',15,16,10,1),(21,0,0,'2018-06-21 20:00:00',13,15,11,1),(22,0,0,'2018-06-22 17:00:00',16,14,6,1),(23,0,0,'2018-06-26 20:00:00',14,15,4,1),(24,0,0,'2018-06-26 20:00:00',16,13,3,1),(25,0,0,'2018-06-17 14:00:00',17,18,5,1),(26,0,0,'2018-06-17 20:00:00',19,20,4,1),(27,0,0,'2018-06-22 14:00:00',19,17,3,1),(28,0,0,'2018-06-22 20:00:00',18,20,10,1),(29,0,0,'2018-06-27 20:00:00',18,19,1,1),(30,0,0,'2018-06-27 20:00:00',20,17,11,1),(31,0,0,'2018-06-17 17:00:00',21,22,1,1),(32,0,0,'2018-06-18 14:00:00',23,14,11,1),(33,0,0,'2018-06-23 17:00:00',24,22,4,1),(34,0,0,'2018-06-23 20:00:00',21,23,7,1),(35,0,0,'2018-06-27 16:00:00',22,23,2,1),(36,0,0,'2018-06-27 16:00:00',24,21,8,1),(37,0,0,'2018-06-18 17:00:00',25,26,7,1),(38,0,0,'2018-06-18 20:00:00',27,28,6,1),(39,0,0,'2018-06-23 14:00:00',25,27,1,1),(40,0,0,'2018-06-24 14:00:00',28,26,11,1),(41,0,0,'2018-06-28 20:00:00',28,25,10,1),(42,0,0,'2018-06-28 20:00:00',26,27,9,1),(43,0,0,'2018-06-19 14:00:00',29,30,9,1),(44,0,0,'2018-06-19 17:00:00',31,32,1,1),(45,0,0,'2018-06-24 17:00:00',30,32,2,1),(46,0,0,'2018-06-24 20:00:00',31,29,8,1),(47,0,0,'2018-06-28 16:00:00',32,29,5,1),(48,0,0,'2018-06-28 16:00:00',30,31,6,1),(49,0,0,'2018-06-30 16:00:00',0,0,8,2),(50,0,0,'2018-06-30 20:00:00',0,0,7,2),(51,0,0,'2018-07-01 16:00:00',0,0,1,2),(52,0,0,'2018-07-01 20:00:00',0,0,11,2),(53,0,0,'2018-07-02 16:00:00',0,0,5,2),(54,0,0,'2018-07-02 20:00:00',0,0,4,2),(55,0,0,'2018-07-03 16:00:00',0,0,3,2),(56,0,0,'2018-07-03 20:00:00',0,0,1,2),(57,0,0,'2018-07-06 16:00:00',0,0,11,3),(58,0,0,'2018-07-06 20:00:00',0,0,8,3),(59,0,0,'2018-07-07 16:00:00',0,0,5,3),(60,0,0,'2018-07-07 20:00:00',0,0,7,3),(61,0,0,'2018-07-10 20:00:00',0,0,3,4),(62,0,0,'2018-07-11 20:00:00',0,0,1,4),(63,0,0,'2018-07-14 16:00:00',0,0,3,5),(64,0,0,'2018-07-15 17:00:00',0,0,1,6);
INSERT INTO `location` (`id`, `name`) VALUES (1,'Moskau'),(2,'Jekaterinburg'),(3,'St. Petersburg'),(4,'Rostow am Don'),(5,'Samara'),(6,'Wolgograd'),(7,'Sotschi'),(8,'Kasan'),(9,'Saransk'),(10,'Kaliningrad'),(11,'Nischni Nowgorod');
INSERT INTO `phase` (`id`, `name`) VALUES (1,'Gruppenphase'),(2,'Achtelfinale'),(3,'Viertelfinale'),(4,'Halbfinale'),(5,'Spiel um Platz 3'),(6,'Finale');
INSERT INTO `role` (`id`, `name`) VALUES (1,'ROLE_USER'), (2,'ROLE_ADMIN');
INSERT INTO `tournament_group` (`id`, `name`) VALUES (1,'A'),(2,'B'),(3,'C'),(4,'D'),(5,'E'),(6,'F'),(7,'G'),(8,'H');
INSERT INTO `tournament_team` (`id`, `name`, `group_id`) VALUES (1,'Russland',1), (2,'Saudi-Arabien',1), (3,'Ägypten',1), (4,'Uruguay',1), (5,'Marokko',2), (6,'Iran',2), (7,'Portugal',2), (8,'Spanien',2), (9,'Frankreich',3), (10,'Australien',3), (11,'Peru',3), (12,'Dänemark',3), (13,'Argentinien',4), (14,'Island',4), (15,'Kroatien',4), (16,'Nigeria',4), (17,'Costa Rica',5), (18,'Serbien',5), (19,'Brasilien',5), (20,'Schweiz',5), (21,'Deutschland',6), (22,'Mexiko',6), (23,'Schweden',6), (24,'Südkorea',6), (25,'Belgien',7), (26,'Panama',7), (27,'Tunesien',7), (28,'England',7), (29,'Kolumbien',8), (30,'Japan',8), (31,'Polen',8), (32,'Senegal',8);
INSERT INTO `user` (`id`, `daily_results`, `email`, `name`, `password`, `reminders`) VALUES (1,b'1','yanick.schraner@students.fhnw.ch','Yanick','$argon2i$v=19$m=65536,t=100,p=2$QfwJbni+Ur3fLYfpEySMSA$Tn0E0ViSFbWRGiX9BtghJNo2Iub8KWMwNPtxv5eUudc',b'1'), (2,b'1','tom.ohme@students.fhnw.ch','Tom','$argon2i$v=19$m=65536,t=100,p=2$QfwJbni+Ur3fLYfpEySMSA$Tn0E0ViSFbWRGiX9BtghJNo2Iub8KWMwNPtxv5eUudc',b'1'), (3,b'1','benjamin.zumbrunn@students.fhnw.ch','Beni','$argon2i$v=19$m=65536,t=100,p=2$QfwJbni+Ur3fLYfpEySMSA$Tn0E0ViSFbWRGiX9BtghJNo2Iub8KWMwNPtxv5eUudc',b'1');
INSERT INTO `user_role` (`user_id`, `role_id`) VALUES (1,1), (1,2), (2,1), (3,1);
INSERT INTO `user_group` (`user_id`, `bet_group_id`) VALUES (1,1), (2,1), (3,1);